<?xml version="1.0" encoding="UTF-8" standalone="yes"?>
<addon id="plugin.video.coqui" name="CoquiTV" version="1.0.1" provider-name="Master JEDI">
    <extension point="xbmc.addon.repository" name="Example Repository">
        <dir>
            <info compressed="false">https://raw.githubusercontent.com/escobaleso/repotv/master/repo/zips/addons.xml</info>
            <checksum>https://raw.githubusercontent.com/escobaleso/repotv/master/repo/zips/addons.xml.md5</checksum>
            <datadir zip="true">https://raw.githubusercontent.com/escobaleso/repotv/master/repo/zips/</datadir>
        </dir>
    </extension>
    <extension point="xbmc.addon.metadata">
        <summary>Coqui TV</summary>
        <description>COQUI IPTV Guide</description>
        <disclaimer></disclaimer>
        <platform>all</platform>
        <assets>
            <icon>icon.png</icon>
            <fanart>fanart.jpg</fanart>
        </assets>
    </extension>
</addon>